Group Name,Color,Item1,Item2,Item3,Item4
KINDS OF UNDERWEAR,Green,BOXER,BRIEF,HIPSTER,THONG
PLAY A JOKE ON,Blue,FOOL,PRANK,PUNK,TRICK
PARTS OF A TOILET TANK,Purple,CHAIN,FLAPPER,FLOAT,HANDLE
BACKING,Green,AEGIS,GUARD,PROTECTION,SHIELD
MALICIOUS SOFTWARE,Blue,BACKDOOR,TROJAN HORSE,VIRUS,WORM
GUM BRANDS,Purple,EXTRA,ICE BREAKERS,ORBIT,TRIDENT
LOVING,Green,KIND,SWEET,TENDER,WARM
APPENDAGES,Blue,ARM,FIN,FLIPPER,WING
POPCORN-MAKING METHODS,Purple,KETTLE,MICROWAVE,POPPER,STOVETOP
"SQUANDER, WITH “AWAY”",Unknown,FIDDLE,FRITTER,THROW,TRIFLE
STIR VIGOROUSLY,Green,BEAT,CREAM,WHIP,WHISK
HARD TO MAKE OUT,Blue,DIM,FAINT,LIGHT,PALE
KINDS OF BEARS,Purple,BLACK,BROWN,POLAR,SUN
"LEFT-LEANING, POLITICALLY",Green,BLUE,LEFT,LIBERAL,PROGRESSIVE
ICE CREAM PARLOR ORDERS,Blue,CONE,CUP,SHAKE,SPLIT
"MATT DAMON MOVIES, WITH ""THE""",Purple,DEPARTED,GOOD SHEPHERD,MARTIAN,RAINMAKER