Group Name,Coloer,Item1,Item2,Item3,Item4
KINDS OF UNDERWEAR,Yellow,BOXER,BRIEF,HIPSTER,THONG
PLAY A JOKE ON,Green,FOOL,PRANK,PUNK,TRICK
PARTS OF A TOILET TANK,Blue,CHAIN,FLAPPER,FLOAT,HANDLE
FIRST WORDS IN '70S ROCK SONG TITLES,Purple,BABA,BOHEMIAN,HOTEL,STAIRWAY
BACKING,Yellow,AEGIS,GUARD,PROTECTION,SHIELD
MALICIOUS SOFTWARE,Green,BACKDOOR,TROJAN HORSE,VIRUS,WORM
GUM BRANDS,Blue,EXTRA,ICE BREAKERS,ORBIT,TRIDENT
N.F.L. TEAM LOGOS,Purple,BUFFALO,FLEUR-DE-LIS,HORSESHOE,LIGHTNING BOLT
LOVING,Yellow,KIND,SWEET,TENDER,WARM
APPENDAGES,Green,ARM,FIN,FLIPPER,WING
POPCORN-MAKING METHODS,Blue,KETTLE,MICROWAVE,POPPER,STOVETOP
"SQUANDER, WITH “AWAY”",Purple,FIDDLE,FRITTER,THROW,TRIFLE
STIR VIGOROUSLY,Yellow,BEAT,CREAM,WHIP,WHISK
HARD TO MAKE OUT,Green,DIM,FAINT,LIGHT,PALE
KINDS OF BEARS,Blue,BLACK,BROWN,POLAR,SUN
DIRTY ___,Purple,BLONDE,POOL,RICE,WORD
"LEFT-LEANING, POLITICALLY",Yellow,BLUE,LEFT,LIBERAL,PROGRESSIVE
ICE CREAM PARLOR ORDERS,Green,CONE,CUP,SHAKE,SPLIT
"MATT DAMON MOVIES, WITH ""THE""",Blue,DEPARTED,GOOD SHEPHERD,MARTIAN,RAINMAKER
"NAMED ""APOLLO""",Purple,FICTIONAL BOXER,GREEK/ROMAN GOD,SPACECRAFT,THEATER
MOVIE,Yellow,FEATURE,FILM,FLICK,PICTURE
STREW,Green,LITTER,PEPPER,SCATTER,SPRINKLE
WRINKLY THINGS,Blue,BRAIN,CREPE PAPER,PRUNE,SHAR PEI
SWEET ___,Purple,POTATO,SIXTEEN,TALK,TOOTH
TOUCHSCREEN GESTURES,Yellow,PINCH,SCROLL,SWIPE,TAP
RELAX,Green,CHILL,LOAF,LOUNGE,VEG
RESTAURANT SEATING OPTIONS,Blue,BAR,BOOTH,COUNTER,TABLE
VEGETABLES WITH FIRST LETTER REMOVED,Purple,ALE,EEK,HIVE,QUASH
CAR BRANDS,Yellow,DODGE,FORD,LINCOLN,RAM
BIT OF SPORTS BAR FARE,Green,CHIP,DIP,FRY,WING
N.H.L. TEAM MEMBER,Blue,DUCK,FLYER,SENATOR,STAR
SKY___,Purple,DIVE,LARK,ROCKET,SCRAPER
EVALUATE,Yellow,GRADE,RANK,RATE,SCORE
EXHIBIT NERVOUSNESS,Green,BLUSH,FIDGET,PACE,SWEAT
"THINGS THAT CAN RUN, ANNOYINGLY",Blue,DYE,MASCARA,NOSE,STOCKINGS
PAPER ___,Purple,CLIP,TIGER,TOWEL,TRAIL
INTO IT,Yellow,DOWN,EAGER,GAME,WILLING
FURNISH,Green,EQUIP,OUTFIT,PREPARE,READY
ORGS WITH STARS IN THEIR LOGOS,Blue,NASA,N.F.L.,PARAMOUNT,SUBARU
HOMOPHONES OF GENESIS FIGURES,Purple,ABLE,CANE,EAVE,NOAA
THEY'RE BLOWIN' IN THE WIND,Yellow,FLAG,PINWHEEL,VANE,WIND CHIME
CHANGE ONE’S TUNE,Green,ABOUT-FACE,BACKPEDAL,FLIP-FLOP,RENEGE
CRAM,Blue,JAM,SHOEHORN,STUFF,WEDGE
LAST WORDS IN LONG-RUNNING CHILDREN’S SHOW TITLES,Purple,KANGAROO,NEIGHBORHOOD,RAINBOW,STREET
KEEP TABS ON,Yellow,FOLLOW,MONITOR,TRACK,WATCH
ONE IN A DOZEN,Green,DONUT,JUROR,MONTH,ROSE
THINGS WITH INK,Blue,PEN,PRINTER,SQUID,TATTOO MACHINE
___ RABBIT,Purple,ROGER,TRIX,VELVETEEN,WHITE
BLEMISH,Yellow,DENT,DING,MAR,SCRATCH
BEHEMOTH,Green,COLOSSUS,MAMMOTH,WHALE,WHOPPER
RUDE THINGS TO DO,Blue,POINT,SNICKER,STARE,WHISPER
ON A BASEBALL FIELD,Purple,BASE,BOX,MOUND,PLATE
